year,airport_code,airport_name,total_flights,total_delays,carrier_ct,weather_ct,nas_ct,security_ct,late_aircraft_ct,arr_cancelled,arr_diverted,total_delayed_min,carrier_delay,weather_delay,nas_delay,security_delay,late_aircraft_delay,pct_delayed,avg_delayed_min,avg_delayed_flight
2012,BWI,Baltimore/Washington International Thurgood Marshall,87782,15898,3795,664,5244,61,6133,1296,268,878643,203981,66115,239846,1810,366891,18.11,55.27,10.01
2013,BWI,Baltimore/Washington International Thurgood Marshall,100319,19549,5106,642,4984,41,8775,878,208,1001339,251165,54395,217580,1169,477030,19.49,51.22,9.98
2014,BWI,Baltimore/Washington International Thurgood Marshall,90845,18808,5488,578,3819,41,8882,1549,181,1011652,287338,48419,164550,1195,510150,20.7,53.79,11.14
2015,BWI,Baltimore/Washington International Thurgood Marshall,94105,16295,4726,672,3953,35,6909,1509,334,899109,261054,53176,169393,1279,414207,17.32,55.18,9.55
2016,BWI,Baltimore/Washington International Thurgood Marshall,96211,14273,4119,599,3604,45,5906,1655,179,804186,233132,54878,170809,1982,343385,14.84,56.34,8.36
2017,BWI,Baltimore/Washington International Thurgood Marshall,101019,16023,4592,572,3853,47,6959,1790,138,888101,257528,49846,171857,2420,406450,15.86,55.43,8.79
2018,BWI,Baltimore/Washington International Thurgood Marshall,106736,18010,5290,529,5005,51,7136,2375,306,1042644,302651,43963,257641,1858,436531,16.87,57.89,9.77
2019,BWI,Baltimore/Washington International Thurgood Marshall,104659,15810,5117,456,3869,66,6301,2621,231,938826,297029,40184,201045,3173,397395,15.11,59.38,8.97
2020,BWI,Baltimore/Washington International Thurgood Marshall,71605,4586,1603,181,1439,13,1350,4775,112,226199,83814,12662,53227,376,76120,6.4,49.32,3.16
2021,BWI,Baltimore/Washington International Thurgood Marshall,75370,13084,4767,325,2712,88,5193,1958,108,712586,252247,26327,123114,4115,306783,17.36,54.46,9.45
2022,BWI,Baltimore/Washington International Thurgood Marshall,19415,3553,1270,51,764,25,1443,991,25,192615,68664,4839,31578,882,86652,18.3,54.21,9.92
2012,CLT,Charlotte Douglas International,114203,14874,3990,400,5605,44,4835,1198,159,736258,230132,29865,191271,1536,283454,13.02,49.5,6.45
2013,CLT,Charlotte Douglas International,148747,26662,6524,718,10275,69,9077,1968,159,1366775,381796,59105,376038,3144,546692,17.92,51.26,9.19
2014,CLT,Charlotte Douglas International,112256,18556,5604,487,6994,37,5434,2145,214,918174,317901,36081,250019,1683,312490,16.53,49.48,8.18
2015,CLT,Charlotte Douglas International,109895,16747,4984,494,6252,41,4976,1374,156,853232,287342,42851,224526,1389,297124,15.24,50.95,7.76
2016,CLT,Charlotte Douglas International,110687,15678,4594,489,5719,40,4835,1447,182,886522,304649,53078,223870,1569,303356,14.16,56.55,8.01
2017,CLT,Charlotte Douglas International,113086,16238,4967,460,5372,35,5404,1412,192,953566,334953,37257,208256,2199,370901,14.36,58.72,8.43
2018,CLT,Charlotte Douglas International,233309,37044,9406,1341,10197,54,16046,6626,540,2387124,700441,125672,425407,2871,1132733,15.88,64.44,10.23
2019,CLT,Charlotte Douglas International,235490,37378,9475,1181,9937,62,16722,4129,585,2626871,829400,115737,444659,2624,1234451,15.87,70.28,11.15
2020,CLT,Charlotte Douglas International,170823,16587,4531,601,5652,62,5741,10493,318,1150191,404170,64542,224517,2562,454400,9.71,69.34,6.73
2021,CLT,Charlotte Douglas International,201902,24335,8241,1166,6203,134,8591,2588,423,1916961,799863,113371,270930,6486,726311,12.05,78.77,9.49
2022,CLT,Charlotte Douglas International,47238,7173,2304,260,1816,40,2754,2063,51,560196,229344,31937,72842,1825,224248,15.18,78.1,11.86
2012,ORD,Chicago O'Hare International,262155,48766,11181,1399,16542,51,19592,5291,562,3291854,938885,137547,879307,3163,1332952,18.6,67.5,12.56
2013,ORD,Chicago O'Hare International,306532,70470,12930,1528,26657,55,29300,9999,709,4907425,1069112,150468,1618998,2923,2065924,22.99,69.64,16.01
2014,ORD,Chicago O'Hare International,287377,77824,12926,1691,35024,51,28131,14355,831,5034412,979714,172545,1964820,1906,1915427,27.08,64.69,17.52
2015,ORD,Chicago O'Hare International,313514,62123,12972,1869,25538,67,21677,9350,794,4280327,1008666,195856,1481971,2979,1590855,19.82,68.9,13.65
2016,ORD,Chicago O'Hare International,243889,44845,9633,1221,19731,50,14210,4300,595,3225362,807994,130520,1178262,2677,1105909,18.39,71.92,13.22
2017,ORD,Chicago O'Hare International,266377,46519,9680,1253,18360,64,17163,3907,670,3599611,1025954,155544,1041613,3426,1373074,17.46,77.38,13.51
2018,ORD,Chicago O'Hare International,332942,67188,12912,2336,28125,65,23750,7620,1041,5234855,1283802,303117,1749501,4248,1894187,20.18,77.91,15.72
2019,ORD,Chicago O'Hare International,339569,74056,13897,2403,31100,65,26591,11006,904,6369681,1530375,358262,2267606,3163,2210275,21.81,86.01,18.76
2020,ORD,Chicago O'Hare International,189598,17101,5642,838,6449,36,4136,11796,180,1340050,528631,99596,351910,1372,358541,9.02,78.36,7.07
2021,ORD,Chicago O'Hare International,240928,38482,13267,1790,11997,128,11300,4890,599,3171615,1149103,222483,745890,6262,1047877,15.97,82.42,13.16
2022,ORD,Chicago O'Hare International,61734,11720,4171,458,3333,43,3715,3208,151,919973,338854,65021,189243,2588,324267,18.98,78.5,14.9
2012,DFW,Dallas/Fort Worth International,230329,36839,8872,1438,10128,34,16367,4646,1039,2344621,765116,135937,414684,1362,1027522,15.99,63.65,10.18
2013,DFW,Dallas/Fort Worth International,286430,53882,11165,1958,16027,56,24675,7467,1170,3398736,1020957,179299,648849,2971,1546660,18.81,63.08,11.87
2014,DFW,Dallas/Fort Worth International,278310,59908,12513,2164,18917,59,26255,7324,1164,3887857,1102516,225335,810345,2308,1747353,21.53,64.9,13.97
2015,DFW,Dallas/Fort Worth International,260615,46733,12332,1908,14644,92,17757,7178,1212,3257391,1104544,194790,648045,3993,1306019,17.93,69.7,12.5
2016,DFW,Dallas/Fort Worth International,196031,34736,9828,961,11046,74,12828,2445,787,2580526,930467,101244,532264,3843,1012708,17.72,74.29,13.16
2017,DFW,Dallas/Fort Worth International,181208,29245,7961,863,9328,72,11021,2068,532,2146478,766476,89370,434805,4125,851702,16.14,73.4,11.85
2018,DFW,Dallas/Fort Worth International,279272,52591,12392,2380,17601,108,20110,5835,1258,3835082,1149608,255813,896001,4177,1529483,18.83,72.92,13.73
2019,DFW,Dallas/Fort Worth International,304346,60257,13958,2645,19823,131,23700,8276,1272,4626406,1363865,328590,1084179,5812,1843960,19.8,76.78,15.2
2020,DFW,Dallas/Fort Worth International,225816,30609,7422,1327,13613,118,8128,11885,641,2030234,680081,140214,522879,4212,682848,13.55,66.33,8.99
2021,DFW,Dallas/Fort Worth International,280342,52065,13946,3100,16920,192,17907,9254,1226,4318176,1377492,356835,917498,9188,1657163,18.57,82.94,15.4
2022,DFW,Dallas/Fort Worth International,65774,9552,3205,423,2440,36,3449,3832,148,799901,334422,56244,109436,1620,298179,14.52,83.74,12.16
2012,DEN,Denver International,198457,31622,8658,633,8770,86,13475,1617,282,1640222,503305,45359,306439,2646,782473,15.93,51.87,8.26
2013,DEN,Denver International,226491,48897,11412,1273,17096,107,19008,2898,727,2727186,672094,108236,764358,3619,1178879,21.59,55.77,12.04
2014,DEN,Denver International,224067,48459,11650,1343,15666,45,19755,3475,772,2823593,730877,115172,708713,1730,1267101,21.63,58.27,12.6
2015,DEN,Denver International,214135,40223,10822,1328,12760,50,15263,2352,685,2444176,721574,113352,559985,1524,1047741,18.78,60.77,11.41
2016,DEN,Denver International,226225,34641,9377,1175,10926,39,13124,3223,881,2183431,678164,103460,474356,1466,925985,15.31,63.03,9.65
2017,DEN,Denver International,223234,34953,9390,1007,10466,56,14034,1592,363,2178541,689272,91965,446034,2422,948848,15.66,62.33,9.76
2018,DEN,Denver International,236020,39624,10670,1104,11915,70,15865,1910,699,2588140,822460,106600,515997,3280,1139803,16.79,65.32,10.97
2019,DEN,Denver International,252064,48783,12022,1477,18413,90,16781,5153,779,3395183,1001814,176072,930655,3868,1282774,19.35,69.6,13.47
2020,DEN,Denver International,198494,17930,7455,694,6151,53,3578,11162,223,1153099,582875,68879,246709,2055,252581,9.03,64.31,5.81
2021,DEN,Denver International,261236,47903,18488,1821,14180,102,13312,5829,897,3249621,1370959,193389,746185,5351,933737,18.34,67.84,12.44
2022,DEN,Denver International,62388,13079,5167,319,3200,31,4362,2895,49,845351,359748,35235,132214,1038,317116,20.96,64.63,13.55
2012,DTW,Detroit Metro Wayne County,78776,11202,3307,342,3251,14,4288,773,132,649086,212266,30163,126968,654,279035,14.22,57.94,8.24
2013,DTW,Detroit Metro Wayne County,163461,25164,6251,898,7909,35,10071,2580,273,1568591,481661,86900,350423,1820,647787,15.39,62.33,9.6
2014,DTW,Detroit Metro Wayne County,105984,16714,5027,538,4501,17,6631,1868,190,1007096,351368,49072,179677,731,426248,15.77,60.25,9.5
2015,DTW,Detroit Metro Wayne County,118311,18883,5503,580,5768,25,7006,1349,113,1208397,423478,55511,241463,974,486971,15.96,63.99,10.21
2016,DTW,Detroit Metro Wayne County,124127,17017,5073,524,4504,26,6890,938,134,1310991,517322,54745,216155,1264,521505,13.71,77.04,10.56
2017,DTW,Detroit Metro Wayne County,126699,18352,5138,629,4711,39,7834,1283,136,1479476,551210,78201,236654,2177,611234,14.48,80.62,11.68
2018,DTW,Detroit Metro Wayne County,157488,23184,6242,1085,6300,37,9520,1508,188,1730209,553139,136781,313118,1802,725369,14.72,74.63,10.99
2019,DTW,Detroit Metro Wayne County,161741,24463,6544,1154,6263,39,10463,1690,247,1920005,611145,180248,312788,2075,813749,15.12,78.49,11.87
2020,DTW,Detroit Metro Wayne County,109201,8667,3579,617,2410,41,2019,4334,65,639101,325328,75498,92580,1912,143783,7.94,73.74,5.85
2021,DTW,Detroit Metro Wayne County,128909,16131,7282,1145,3538,94,4072,1103,160,1228116,640298,116656,153389,4925,312848,12.51,76.13,9.53
2022,DTW,Detroit Metro Wayne County,31234,5720,2567,486,1073,28,1566,1050,8,473340,236461,65811,47387,1160,122521,18.31,82.75,15.15
2012,IAH,George Bush Intercontinental/Houston,150709,28050,7507,588,8231,45,11679,1926,452,1719303,512226,50694,374237,1654,780492,18.61,61.29,11.41
2013,IAH,George Bush Intercontinental/Houston,181073,33827,8047,904,10673,33,14170,2280,499,2015326,527771,73494,472645,1545,939871,18.68,59.58,11.13
2014,IAH,George Bush Intercontinental/Houston,174235,35570,8674,1093,11907,7,13888,4297,625,2159809,569617,97762,554958,213,937259,20.41,60.72,12.4
2015,IAH,George Bush Intercontinental/Houston,159910,29808,7761,1012,10966,24,10045,2520,731,1891591,534640,90672,531360,1068,733851,18.64,63.46,11.83
2016,IAH,George Bush Intercontinental/Houston,137092,19908,5196,692,7709,22,6289,1818,613,1408841,414482,74151,453376,1319,465513,14.52,70.77,10.28
2017,IAH,George Bush Intercontinental/Houston,129224,17351,4335,554,6502,17,5942,3599,374,1226123,370329,58549,346512,718,450015,13.43,70.67,9.49
2018,IAH,George Bush Intercontinental/Houston,173782,29939,6623,1378,13033,29,8876,1964,553,2009128,551656,147536,604124,1591,704221,17.23,67.11,11.56
2019,IAH,George Bush Intercontinental/Houston,179682,36267,7476,1550,15297,29,11915,2790,607,2705542,702130,180368,800580,1254,1021210,20.18,74.6,15.06
2020,IAH,George Bush Intercontinental/Houston,102215,9942,3317,508,4246,18,1853,5694,210,644708,285942,41768,174000,1010,141988,9.73,64.85,6.31
2021,IAH,George Bush Intercontinental/Houston,128984,21493,7627,1482,6796,67,5521,2797,350,1558738,608450,156516,340039,4086,449647,16.66,72.52,12.08
2022,IAH,George Bush Intercontinental/Houston,30751,5698,2339,218,1571,14,1557,1080,96,410792,184104,25187,76731,625,124145,18.53,72.09,13.36
2012,ATL,Hartsfield-Jackson Atlanta International,330845,48223,11663,1075,17229,43,18213,2414,559,2863487,952040,85180,667517,1614,1157136,14.58,59.38,8.66
2013,ATL,Hartsfield-Jackson Atlanta International,398882,72292,15779,2124,27456,65,26867,3450,655,4366598,1308657,189817,1149654,4471,1713999,18.12,60.4,10.95
2014,ATL,Hartsfield-Jackson Atlanta International,369842,62396,15565,1658,20718,41,24415,6483,655,3782402,1283531,154554,836447,1778,1506092,16.87,60.62,10.23
2015,ATL,Hartsfield-Jackson Atlanta International,379498,55176,15762,1701,17395,64,20253,2752,1124,3612426,1337001,172089,776964,3016,1323356,14.54,65.47,9.52
2016,ATL,Hartsfield-Jackson Atlanta International,384252,49607,14631,1388,13830,48,19710,2350,736,3648623,1480491,133662,637554,2083,1394833,12.91,73.55,9.5
2017,ATL,Hartsfield-Jackson Atlanta International,364596,50392,13936,1484,14831,76,20065,5501,832,3776552,1414933,176471,776768,4324,1404056,13.82,74.94,10.36
2018,ATL,Hartsfield-Jackson Atlanta International,390079,60324,14791,2409,21211,74,21839,2611,752,4125306,1290423,267479,1008770,3889,1554745,15.46,68.39,10.58
2019,ATL,Hartsfield-Jackson Atlanta International,395026,55657,14670,2231,18008,85,20664,2501,794,3852883,1309590,243450,814901,4504,1480438,14.09,69.23,9.75
2020,ATL,Hartsfield-Jackson Atlanta International,255282,19704,6623,943,7045,57,5036,11984,440,1360528,617264,92090,290809,2965,357400,7.72,69.05,5.33
2021,ATL,Hartsfield-Jackson Atlanta International,313292,35147,13070,1387,9396,162,11132,2161,405,2387961,1108818,124618,396045,8744,749736,11.22,67.94,7.62
2022,ATL,Hartsfield-Jackson Atlanta International,75091,10999,3974,397,2890,36,3703,1578,171,776519,340281,46939,123036,1731,264532,14.65,70.6,10.34
2012,JFK,John F. Kennedy International,82182,15147,3888,445,5907,32,4875,1531,294,963678,261936,29989,307044,1362,363347,18.43,63.62,11.73
2013,JFK,John F. Kennedy International,111349,25535,5388,613,11876,52,7607,2007,259,1638490,364538,45461,677338,3550,547603,22.93,64.17,14.71
2014,JFK,John F. Kennedy International,100550,22254,5158,575,9997,37,6486,2380,389,1374408,339558,54180,532508,1437,446725,22.13,61.76,13.67
2015,JFK,John F. Kennedy International,102094,21792,5068,535,9567,46,6577,2014,258,1520945,352494,47351,621688,2587,496825,21.35,69.79,14.9
2016,JFK,John F. Kennedy International,97726,21128,5533,504,8107,56,6928,1290,275,1509759,404967,43866,499348,3071,558507,21.62,71.46,15.45
2017,JFK,John F. Kennedy International,94419,23243,4911,457,10866,56,6954,2188,252,1946640,403113,49518,885388,3018,605603,24.62,83.75,20.62
2018,JFK,John F. Kennedy International,129684,27454,6401,736,11684,57,8576,3543,438,2134443,499583,97110,803734,2775,731241,21.17,77.75,16.46
2019,JFK,John F. Kennedy International,127130,25178,6583,558,9498,61,8478,2074,387,2094560,582891,71352,677274,3270,759773,19.8,83.19,16.48
2020,JFK,John F. Kennedy International,57030,5270,1914,118,1732,22,1483,3564,78,359515,159347,9793,73789,815,115771,9.24,68.22,6.3
2021,JFK,John F. Kennedy International,82662,15178,6096,414,4327,113,4228,1125,307,1195331,515416,58536,213623,6251,401505,18.36,78.75,14.46
2022,JFK,John F. Kennedy International,32772,7317,2500,131,2211,33,2443,1633,73,555786,221651,16762,95484,1626,220263,22.33,75.96,16.96
2012,LGA,LaGuardia,84032,17144,3427,547,9002,12,4156,3032,381,1086610,235452,52555,513499,338,284766,20.4,63.38,12.93
2013,LGA,LaGuardia,104660,25263,4695,833,13129,22,6585,3319,545,1643485,332343,72556,789217,735,448634,24.14,65.06,15.7
2014,LGA,LaGuardia,106952,25458,5588,911,12147,15,6798,4762,433,1570252,389195,70093,675616,611,434737,23.8,61.68,14.68
2015,LGA,LaGuardia,108151,26273,5936,990,12751,36,6559,4534,659,1666938,392325,80114,746480,1655,446364,24.29,63.45,15.41
2016,LGA,LaGuardia,96586,24243,5431,858,12265,37,5652,2388,506,1640329,426810,69194,727588,1782,414955,25.1,67.66,16.98
2017,LGA,LaGuardia,93334,22647,4771,764,11358,26,5728,2939,505,1705835,434535,68528,748653,1638,452481,24.26,75.32,18.28
2018,LGA,LaGuardia,171082,40113,7512,1657,20018,47,10878,6896,811,2964882,644002,186641,1275501,3091,855647,23.45,73.91,17.33
2019,LGA,LaGuardia,171665,44856,7519,1320,24119,35,11863,4889,953,3488493,690959,164583,1639700,1941,991310,26.13,77.77,20.32
2020,LGA,LaGuardia,68752,7371,1889,268,3507,16,1691,5491,108,512508,150736,26166,201970,696,132940,10.72,69.53,7.45
2021,LGA,LaGuardia,87384,12241,4696,538,3638,77,3292,1471,422,874278,345039,71024,200879,4539,252797,14.01,71.42,10.01
2022,LGA,LaGuardia,41657,9088,2373,348,3964,23,2380,2914,206,645374,189190,38647,222671,1089,193777,21.82,71.01,15.49
2012,BOS,Logan International,86971,16006,4874,403,5316,21,5392,1354,62,917886,283898,29277,235002,873,368836,18.4,57.35,10.55
2013,BOS,Logan International,111365,22400,6182,592,7220,37,8369,1633,148,1284965,350989,40414,331758,1773,560031,20.11,57.36,11.54
2014,BOS,Logan International,110630,22316,6198,763,7287,41,8027,2330,121,1275659,350037,61224,343698,2104,518596,20.17,57.16,11.53
2015,BOS,Logan International,118012,24246,7010,775,7740,26,8694,2715,151,1438766,409400,62154,365160,1310,600742,20.55,59.34,12.19
2016,BOS,Logan International,121253,25004,7085,781,8615,47,8475,1523,124,1502591,412438,62998,417253,2369,607533,20.62,60.09,12.39
2017,BOS,Logan International,125452,29010,6723,824,11637,33,9793,2688,124,2010881,453621,77595,711329,1389,766947,23.12,69.32,16.03
2018,BOS,Logan International,148180,34476,8223,954,13158,43,12097,3848,147,2355148,565548,93007,764741,2514,929338,23.27,68.31,15.89
2019,BOS,Logan International,150554,35401,8309,890,13892,35,12275,2991,229,2782509,681836,107098,927691,1613,1064271,23.51,78.6,18.48
2020,BOS,Logan International,74298,6524,2305,197,2027,19,1977,4729,61,398853,157012,18762,81336,1092,140651,8.78,61.14,5.37
2021,BOS,Logan International,90101,14505,6396,492,3200,71,4346,1240,122,1000052,448718,49792,138048,3534,359960,16.1,68.95,11.1
2022,BOS,Logan International,30482,6442,2609,155,1442,15,2221,2046,52,496064,215821,13146,70073,519,196505,21.13,77.0,16.27
2012,LAX,Los Angeles International,188166,34834,9574,856,10497,85,13821,2115,208,1830495,566490,53711,349208,3011,858075,18.51,52.55,9.73
2013,LAX,Los Angeles International,224821,42920,11545,1183,12848,99,17244,2541,332,2257980,669339,74438,463785,6765,1043653,19.09,52.61,10.04
2014,LAX,Los Angeles International,221941,47721,12684,1467,15141,92,18338,2726,298,2536321,746217,109799,533432,3364,1143509,21.5,53.15,11.43
2015,LAX,Los Angeles International,212435,45714,11948,1439,17421,87,14818,2337,315,2506055,757966,101690,669913,3696,972790,21.52,54.82,11.8
2016,LAX,Los Angeles International,212972,49065,11896,1264,21701,96,14107,1945,321,2707250,779928,99104,846249,4815,977154,23.04,55.18,12.71
2017,LAX,Los Angeles International,214312,52056,10764,1400,25326,93,14473,2218,308,2941457,773134,105601,1048104,5336,1009282,24.29,56.51,13.73
2018,LAX,Los Angeles International,221516,40015,11187,1107,14998,73,12650,2002,253,2322848,801067,99540,549380,3561,869300,18.06,58.05,10.49
2019,LAX,Los Angeles International,219996,40516,11990,1115,13975,109,13328,3013,306,2568511,915454,109652,524687,7431,1011287,18.42,63.39,11.68
2020,LAX,Los Angeles International,124197,10391,4146,391,3587,51,2216,6362,106,639396,321124,31535,123706,2177,160854,8.37,61.53,5.15
2021,LAX,Los Angeles International,174235,28669,12777,1343,6298,182,8068,2240,261,1890917,891484,117550,247135,9184,625564,16.45,65.96,10.85
2022,LAX,Los Angeles International,45851,7311,3281,302,1579,39,2109,1024,58,496767,242726,23312,63019,1518,166192,15.95,67.95,10.83
2012,LAS,McCarran International,120282,18604,5618,456,4365,59,8105,679,165,925815,277094,35520,160670,1827,450704,15.47,49.76,7.7
2013,LAS,McCarran International,138609,26288,7320,645,6696,76,11551,726,156,1303576,362517,47757,282489,3354,607459,18.97,49.59,9.4
2014,LAS,McCarran International,137058,29193,8360,719,6845,50,13219,1035,159,1470244,419694,58168,272198,1623,718561,21.3,50.36,10.73
2015,LAS,McCarran International,145900,26169,7497,781,6812,61,11018,887,225,1422520,410563,61285,302888,2439,645345,17.94,54.36,9.75
2016,LAS,McCarran International,150690,26363,7030,800,7652,63,10818,1236,234,1474194,398544,66749,364265,2999,641637,17.49,55.92,9.78
2017,LAS,McCarran International,151729,28768,7353,710,8489,67,12149,1303,206,1547085,415813,61515,372344,3069,694344,18.96,53.78,10.2
2018,LAS,McCarran International,161149,28913,8092,697,7762,83,12279,1101,247,1651977,482448,60323,345639,3052,760515,17.94,57.14,10.25
2019,LAS,McCarran International,164043,30240,8495,695,9144,93,11814,2120,198,1763174,505203,61283,422765,4101,769822,18.43,58.31,10.75
2020,LAS,McCarran International,112567,9422,2999,304,3602,42,2475,9151,88,551704,185499,25850,181864,1700,156791,8.37,58.55,4.9
2021,LAS,McCarran International,141433,27780,9293,708,7281,145,10353,2140,202,1602673,546916,57527,316425,6969,674836,19.64,57.69,11.33
2022,LAS,McCarran International,38965,7321,2534,161,1985,37,2604,913,53,419189,148478,10787,93014,1527,165383,18.79,57.26,10.76
2012,MSP,Minneapolis-St Paul International,94389,11164,3743,333,3140,12,3937,718,160,639710,257679,27095,111119,525,243292,11.83,57.3,6.78
2013,MSP,Minneapolis-St Paul International,146822,22628,6153,800,6957,45,8672,1875,187,1358563,483548,68813,266200,2024,537978,15.41,60.04,9.25
2014,MSP,Minneapolis-St Paul International,106202,18168,5249,586,5647,33,6653,1423,172,1068742,386081,53994,212780,1383,414504,17.11,58.83,10.06
2015,MSP,Minneapolis-St Paul International,122751,20170,5727,717,7003,31,6691,875,130,1185545,442861,60793,248379,1938,431574,16.43,58.78,9.66
2016,MSP,Minneapolis-St Paul International,129148,19407,5648,660,6105,26,6968,884,275,1378339,546242,74350,256602,1079,500066,15.03,71.02,10.67
2017,MSP,Minneapolis-St Paul International,134571,17617,5306,625,4938,30,6718,808,184,1306333,556991,70055,198814,1826,478647,13.09,74.15,9.71
2018,MSP,Minneapolis-St Paul International,159365,23155,6048,1110,7309,34,8653,1634,353,1676746,549361,160801,335651,2503,628430,14.53,72.41,10.52
2019,MSP,Minneapolis-St Paul International,160955,24710,6285,1350,7502,32,9541,1658,342,1888395,581825,210756,370955,2183,722676,15.35,76.42,11.73
2020,MSP,Minneapolis-St Paul International,100161,7604,3346,588,2142,33,1495,4499,55,567972,309365,79551,79089,1147,98820,7.59,74.69,5.67
2021,MSP,Minneapolis-St Paul International,121492,13997,6889,1387,2426,64,3232,1026,143,1117180,617355,163225,95713,3322,237565,11.52,79.82,9.2
2022,MSP,Minneapolis-St Paul International,28858,5206,2508,530,985,11,1172,629,20,427262,237058,60429,38824,446,90505,18.04,82.07,14.81
2012,EWR,Newark Liberty International,102552,28789,5471,1300,13578,23,8417,3643,282,1898530,416502,99313,765587,762,616366,28.07,65.95,18.51
2013,EWR,Newark Liberty International,120675,31726,5773,721,15163,31,10038,3579,461,2167513,391658,62777,971516,1666,739896,26.29,68.32,17.96
2014,EWR,Newark Liberty International,110221,27363,5404,723,12787,11,8438,5197,239,1856336,368455,62647,831578,551,593105,24.83,67.84,16.84
2015,EWR,Newark Liberty International,111486,23675,5566,751,10080,14,7265,3442,282,1585401,358884,62103,630223,664,533527,21.24,66.97,14.22
2016,EWR,Newark Liberty International,115945,26067,5369,717,12751,14,7215,3061,391,1848979,398577,57255,810603,984,581560,22.48,70.93,15.95
2017,EWR,Newark Liberty International,116016,34034,4964,815,21150,18,7087,3066,328,2622285,427959,80607,1508898,1229,603592,29.34,77.05,22.6
2018,EWR,Newark Liberty International,143863,42915,5932,932,27366,24,8661,4722,499,3271729,539458,110765,1856310,1561,763635,29.83,76.24,22.74
2019,EWR,Newark Liberty International,136124,39809,5769,742,24054,26,9217,3636,711,3395660,579437,105173,1830338,1637,879075,29.24,85.3,24.95
2020,EWR,Newark Liberty International,69168,8384,1909,236,4411,25,1802,4379,109,541348,148543,18532,226945,905,146423,12.12,64.57,7.83
2021,EWR,Newark Liberty International,90204,19150,5553,582,7998,75,4942,2659,406,1341528,401752,72553,420065,3741,443417,21.23,70.05,14.87
2022,EWR,Newark Liberty International,30967,7216,2073,152,3027,14,1950,1885,87,508384,165947,16595,155082,827,169933,23.3,70.45,16.42
2012,MCO,Orlando International,100293,17533,5627,353,5409,48,6095,677,155,935069,319620,25982,188257,1762,399448,17.48,53.33,9.32
2013,MCO,Orlando International,113866,22702,7162,501,7377,62,7600,599,199,1198741,400362,34544,262894,2776,498165,19.94,52.8,10.53
2014,MCO,Orlando International,110409,24106,7793,724,7588,57,7944,1251,311,1361079,457606,62106,303480,2009,535878,21.83,56.46,12.33
2015,MCO,Orlando International,120028,23531,7965,726,6882,62,7895,1107,353,1388459,480711,61381,285063,2714,558590,19.6,59.01,11.57
2016,MCO,Orlando International,125729,23476,7466,689,7146,49,8125,1534,311,1480625,477292,65781,323075,1956,612521,18.67,63.07,11.78
2017,MCO,Orlando International,131998,24811,7386,682,7443,58,9242,2625,320,1575735,468781,63309,342300,2955,698390,18.8,63.51,11.94
2018,MCO,Orlando International,138315,29092,8618,703,9522,65,10184,1544,431,1866031,568168,64787,432850,4036,796190,21.03,64.14,13.49
2019,MCO,Orlando International,143095,28336,8508,688,8748,63,10330,2461,350,1938856,583800,73110,446561,5103,830282,19.8,68.42,13.55
2020,MCO,Orlando International,96049,9154,3105,208,3436,35,2371,5392,204,519851,206225,15640,134935,1406,161645,9.53,56.79,5.41
2021,MCO,Orlando International,132627,28415,9928,653,8969,141,8725,2304,452,1795210,639911,67794,422861,6533,658111,21.42,63.18,13.54
2022,MCO,Orlando International,36284,9962,3349,207,3388,37,2981,1209,64,672619,231208,20046,182573,2379,236413,27.46,67.52,18.54
2012,NA,Other,2330416,403481,141226,11326,91672,840,158423,28333,5018,21607514,7661641,868687,3541612,29297,9506277,17.31,53.55,9.27
2013,NA,Other,2891437,590822,192848,18254,143561,1156,234994,41504,6294,31627352,10399384,1431103,5834303,48616,13913946,20.43,53.53,10.94
2014,NA,Other,2594559,568769,191269,15983,132518,820,228186,56684,6811,30649444,10364748,1319618,5387672,32296,13545110,21.92,53.89,11.81
2015,NA,Other,2544254,464125,162223,16641,108267,961,176039,38644,6776,25690104,9050461,1402779,4370842,38586,10827436,18.24,55.35,10.1
2016,NA,Other,2439840,408046,136965,12144,98498,818,159632,28592,6002,23541390,8366568,1105221,4003822,35483,10030296,16.72,57.69,9.65
2017,NA,Other,2496410,446328,144729,12112,107039,753,181696,36223,5866,26178355,9142350,1201418,4379002,38339,11417052,17.88,58.65,10.49
2018,NA,Other,3395694,631796,202350,23721,161085,1354,243252,55281,8169,38604260,12840485,2343115,6875647,65274,16479739,18.61,61.1,11.37
2019,NA,Other,3535455,642248,209312,22740,157701,1376,251129,65528,8803,41149977,14097138,2420398,6865912,67447,17699082,18.17,64.07,11.64
2020,NA,Other,2231606,203436,80217,9915,58507,775,54033,145135,4253,11844362,4994548,914992,2218778,29604,3686440,9.12,58.22,5.31
2021,NA,Other,2857370,511761,208033,21877,110214,2473,169171,50995,6775,31411383,12777926,2212936,4621241,114091,11685169,17.91,61.38,10.99
2022,NA,Other,772408,158433,64694,5162,35952,509,52129,31458,1810,9986154,4119269,543526,1596125,20533,3706701,20.51,63.03,12.93
2012,PHX,Phoenix Sky Harbor International,153081,18164,5606,330,4835,99,7294,1117,184,863028,303694,21233,143507,3611,390983,11.87,47.51,5.64
2013,PHX,Phoenix Sky Harbor International,177030,27059,8236,491,7406,97,10829,1499,143,1284053,440432,35478,236070,3654,568419,15.28,47.45,7.25
2014,PHX,Phoenix Sky Harbor International,160466,29068,9245,529,7142,54,12098,1535,255,1438473,501061,42943,234762,2315,657392,18.11,49.49,8.96
2015,PHX,Phoenix Sky Harbor International,159744,26200,8225,686,7115,68,10105,1247,235,1380455,479253,59192,253807,2626,585577,16.4,52.69,8.64
2016,PHX,Phoenix Sky Harbor International,159164,26208,7385,581,8188,59,9995,1294,375,1398228,462995,48989,294530,2443,589271,16.47,53.35,8.78
2017,PHX,Phoenix Sky Harbor International,154498,24897,7287,468,6247,57,10838,1125,213,1305802,435623,37902,206460,3710,622107,16.11,52.45,8.45
2018,PHX,Phoenix Sky Harbor International,173953,32430,8786,645,10667,92,12241,1667,327,1849753,591792,56243,410095,6753,784870,18.64,57.04,10.63
2019,PHX,Phoenix Sky Harbor International,175343,29959,9130,721,7726,76,12306,2632,251,1919554,708195,72632,278408,3464,856855,17.09,64.07,10.95
2020,PHX,Phoenix Sky Harbor International,122248,10106,3685,273,3374,45,2729,7106,120,670368,313892,22992,107971,2751,222762,8.27,66.33,5.48
2021,PHX,Phoenix Sky Harbor International,160618,26004,9943,777,4856,113,10315,2054,268,1786279,751881,76852,175465,5690,776391,16.19,68.69,11.12
2022,PHX,Phoenix Sky Harbor International,41357,6608,2700,152,1277,33,2446,947,27,455833,218594,12718,47085,1506,175930,15.98,68.98,11.02
2012,SLC,Salt Lake City International,92537,9977,3245,217,2299,18,4197,576,52,503439,185391,15489,70769,689,231101,10.78,50.46,5.44
2013,SLC,Salt Lake City International,112587,15414,4545,457,4111,37,6264,1139,291,845241,287260,42938,148267,1303,365473,13.69,54.84,7.51
2014,SLC,Salt Lake City International,108586,14762,4711,392,3405,20,6234,801,103,810649,300823,32505,119742,640,356939,13.59,54.91,7.47
2015,SLC,Salt Lake City International,105957,13206,4254,441,2943,20,5548,528,135,767567,301038,39255,102129,748,324397,12.46,58.12,7.24
2016,SLC,Salt Lake City International,108854,13409,4317,424,2891,29,5747,473,147,868627,354020,35850,102279,1560,374918,12.32,64.78,7.98
2017,SLC,Salt Lake City International,111961,15094,4543,412,3589,28,6523,533,143,1016920,399827,43947,131803,971,440372,13.48,67.37,9.08
2018,SLC,Salt Lake City International,113116,15624,4460,563,4077,25,6500,399,147,988050,337935,71128,145633,1027,432327,13.81,63.24,8.73
2019,SLC,Salt Lake City International,115252,16540,5007,668,4406,30,6429,587,150,1122222,415556,88851,158406,2200,457209,14.35,67.85,9.74
2020,SLC,Salt Lake City International,92446,8281,3793,655,2392,14,1427,3287,107,537120,284155,67657,87877,576,96855,8.96,64.86,5.81
2021,SLC,Salt Lake City International,119088,15968,8070,1342,2731,42,3783,942,113,1154318,633621,148476,97588,2218,272415,13.41,72.29,9.69
2022,SLC,Salt Lake City International,26567,3669,1970,239,512,6,941,316,12,253072,140310,21870,19769,319,70804,13.81,68.98,9.53
2012,SFO,San Francisco International,145239,41445,7146,977,20637,45,12640,3624,296,2873505,473115,73173,1414697,1611,910909,28.54,69.33,19.78
2013,SFO,San Francisco International,168069,41963,7746,1068,20312,47,12790,3503,476,2792502,492784,75741,1332758,2342,888877,24.97,66.55,16.62
2014,SFO,San Francisco International,166883,46563,8686,1369,22252,46,14210,4493,375,2935677,532577,99765,1328001,2237,973097,27.9,63.05,17.59
2015,SFO,San Francisco International,162136,35080,8102,1115,14302,40,11521,2379,265,2213414,530525,76878,813256,1782,790973,21.64,63.1,13.65
2016,SFO,San Francisco International,172398,42671,7995,1322,20534,60,12759,2597,332,2900912,591452,100936,1290807,3062,914655,24.75,67.98,16.83
2017,SFO,San Francisco International,174674,49414,7592,1513,26713,61,13535,3276,574,3621342,629504,125058,1837401,3723,1025656,28.29,73.29,20.73
2018,SFO,San Francisco International,175939,43591,7948,977,22711,45,11910,2541,382,3010023,643809,95545,1359731,2239,908699,24.78,69.05,17.11
2019,SFO,San Francisco International,170966,43313,7718,879,22445,38,12232,3654,478,3341915,708500,102187,1536308,2132,992788,25.33,77.16,19.55
2020,SFO,San Francisco International,89423,8152,2940,306,3375,15,1517,4978,113,557177,237195,27417,180585,2051,109929,9.12,68.35,6.23
2021,SFO,San Francisco International,98781,15214,6973,591,3179,43,4429,1229,157,993203,482606,50056,126137,2110,332294,15.4,65.28,10.05
2022,SFO,San Francisco International,29885,4015,1828,167,650,5,1364,817,38,280973,132873,14956,33836,184,99124,13.43,69.98,9.4
2012,SEA,Seattle/Tacoma International,85687,12200,4343,269,3254,52,4283,366,86,625471,232257,20884,104722,2626,264982,14.24,51.27,7.3
2013,SEA,Seattle/Tacoma International,103086,16472,5304,433,5059,61,5615,441,184,801684,279846,28008,159531,2317,331982,15.98,48.67,7.78
2014,SEA,Seattle/Tacoma International,108722,19096,5668,451,6092,39,6846,543,98,944820,307630,35330,191162,1831,408867,17.56,49.48,8.69
2015,SEA,Seattle/Tacoma International,121292,19587,5620,591,6555,59,6762,565,185,1018723,336823,45368,216915,1947,417670,16.15,52.01,8.4
2016,SEA,Seattle/Tacoma International,132627,21156,5484,622,8075,85,6890,603,193,1126861,363115,48038,277000,2846,435862,15.95,53.26,8.5
2017,SEA,Seattle/Tacoma International,137161,25606,5780,750,10661,81,8334,1018,225,1347232,367012,58303,392812,3286,525819,18.67,52.61,9.82
2018,SEA,Seattle/Tacoma International,140001,27040,6133,681,12978,59,7188,755,277,1400115,395209,60044,481021,2699,461142,19.31,51.78,10.0
2019,SEA,Seattle/Tacoma International,142841,27375,6682,606,11620,67,8400,1249,246,1483960,435590,53962,424073,2589,567746,19.16,54.21,10.39
2020,SEA,Seattle/Tacoma International,101211,9555,3028,370,4197,33,1926,3826,126,487439,196234,32068,135059,1137,122432,9.44,51.01,4.82
2021,SEA,Seattle/Tacoma International,167993,23869,8314,941,8038,88,6489,2605,257,1334363,551206,88739,268599,3183,422636,14.21,55.9,7.94
2022,SEA,Seattle/Tacoma International,38701,6605,2268,321,2055,21,1940,1046,137,366597,145934,27244,69719,1085,122615,17.07,55.5,9.47